{
  "version": "2.0",
  "functionTimeout": "00:45:00",
  "logging": {
    "applicationInsights": {
      "samplingSettings": {
        "isEnabled": true,
        "excludedTypes": "Request"
      }
    },
    "fileLoggingMode": "always",
    "logLevel": {
      "default": "Information"
    }
  },
  "extensionBundle": {
    "id": "Microsoft.Azure.Functions.ExtensionBundle",
    "version": "[1.*, 2.0.0)"
  },
  "retry": {
    "strategy": "fixedDelay",
    "maxRetryCount": 1,
    "delayInterval": "00:01:05"
  }
}
